,vender,url,product,description,image,live,price
1,CannonKeys,https://cannonkeys.com/products/kitsune-deskmats,Kitsune Deskmats,"Matías of Pigmodding returns with Kitsune Deskmats! Inspired by Japanese folklore, these mats feature the gathering of fox spirits in an open field. The surface is textured to improve mouse control!",http://cdn.shopify.com/s/files/1/0238/7342/1376/products/KitsuneDeskmat-PastelDay_1200x1200.png?v=1676053388,True,
2,CannonKeys,https://cannonkeys.com/products/nicepbt-sailor,NicePBT Sailor,NicePBT Sailor keycaps feature navy blue mods and light blue accents for a maritime theme! This keyset is in stock and ready to ship.,http://cdn.shopify.com/s/files/1/0238/7342/1376/products/CK041322-424-Edit_1200x1200.jpg?v=1651154352,True,$74.99
3,CannonKeys,https://cannonkeys.com/products/nicepbt-green-hangul,NicePBT Green Hangul,NicePBT Green Hangul keycaps feature beige and green with Hangul sublegends for a retro aesthetic. This keyset is in stock and ready to ship.,http://cdn.shopify.com/s/files/1/0238/7342/1376/products/CK063022-149_1200x1200.jpg?v=1657834490,True,$79.99
4,CannonKeys,https://cannonkeys.com/products/cannoncaps-esper,CannonCaps Esper,"CannonCaps Esper keycaps feature white, grey, and purple along with Katakana sublegends! This keyset is in stock and ready to ship.",http://cdn.shopify.com/s/files/1/0238/7342/1376/products/CK041322-427-Edit_1200x1200.jpg?v=1651265422,True,$79.99
5,CannonKeys,https://cannonkeys.com/products/nicepbt-beach-day,NicePBT Beach Day,"NicePBT Beach Day keycaps feature sandy alphas, cool blue mods, and two accent key colors! This keyset is in stock and ready to ship.",http://cdn.shopify.com/s/files/1/0238/7342/1376/products/CK040222-223-Edit_1200x1200.jpg?v=1649877324,True,$74.99
6,CannonKeys,https://cannonkeys.com/products/gmk-beige-wob-uwu-macro-add-on-kit,GMK Beige/WoB uwu Macro Add-on Kit,"uwu Macro In Stock Extras Because boomers can be weebs too. This meme inspired Macro add-on kit is the creation of designers Qarmaa and Of Sam The GMK Beige/White on Black (WoB) uwu Macro Add-on Kit, is the creation of designer Qarmaa. The 24 piece kit includes two R1-R5 keycaps in two colors: Beige (CR legends on U9 c",http://cdn.shopify.com/s/files/1/0238/7342/1376/products/uwu_bow_92db8693-f264-46ac-81e6-e8f648d0e40b_1200x1200.png?v=1649881807,True,$49.99
7,CannonKeys,https://cannonkeys.com/products/ws-orchid-strings,WS Orchid Strings,"WS Orchid Strings Doubleshot PBT Keycaps. Designed by skeil, WS Orchid is a new keycap set utilizing doubleshot PBT. Crisp legends and vibrant colors finally coming together with the durability PBT to create the best of both worlds! Matching deskmats are also available during this group buy.",http://cdn.shopify.com/s/files/1/0238/7342/1376/products/10_1c4ad860-814e-4082-808d-b0c78e00e7b5_1200x1200.jpg?v=1676495168,False,$99.00
8,CannonKeys,https://cannonkeys.com/products/nicepbt-classic-beige,NicePBT Classic Beige,NicePBT Classic Beige keycaps were heavily inspired from the beige found in vintage keyboards! This keyset is in stock and ready to ship.,http://cdn.shopify.com/s/files/1/0238/7342/1376/products/CK011222-50-Edit_1200x1200.jpg?v=1658703480,True,$64.99
9,CannonKeys,https://cannonkeys.com/products/gmk-bread,GMK Bread,"GMK Bread These are extras from the GMK Bread group buy. All sales of this keyset are final. Bread Deskmat extras can be found here. Get That Bread! From GergWorst comes GMK Bread. Here's what he had to say about his inspiration: ""Frankly, I’m not too sure how I got this idea. It just, sort of clicked one day and would",http://cdn.shopify.com/s/files/1/0238/7342/1376/products/Bread-Base_7f0b1af7-099e-4f75-96ae-9bb162cad3c6_1_1200x1200.png?v=1648753360,True,$55.99
10,CannonKeys,https://cannonkeys.com/products/cxa-bow-wob,CannonCaps CXA BoW/WoB,CannonCaps CXA BoW/WoB keycaps feature two classic color schemes in the new CXA profile! These keysets are in stock and ready to ship.,http://cdn.shopify.com/s/files/1/0238/7342/1376/products/CK040222-199-Edit_1200x1200.jpg?v=1649878500,True,$79.99
11,CannonKeys,https://cannonkeys.com/products/cannoncaps-cxa-iara,CannonCaps CXA Iara,"A set inspired by legendary beauty, CannonCaps CXA Iara is a fresh take on the classic navy and pink combination that will breath new life into many keyboards!",http://cdn.shopify.com/s/files/1/0238/7342/1376/products/DSC_7441-2_1_1200x1200.png?v=1669259563,True,$84.99
12,CannonKeys,https://cannonkeys.com/products/nicepbt-cyrillic-sublegend-classic-beige,NicePBT Cyrillic Sublegend Classic Beige,"NicePBT Cyrillic Sublegend Classic Beige keycaps are available in three colors: Red, Green, and Black. This keyset is in stock and ready to ship.",http://cdn.shopify.com/s/files/1/0238/7342/1376/products/DSC06902_1200x1200.jpg?v=1660142208,True,$64.99
14,CannonKeys,https://cannonkeys.com/products/cannonkeys-cxa-pink-carnation-accent-kit,Cannonkeys CXA Pink Carnation Accent Kit,"This doubleshot accent kit is a great addition to CXA BoW/WoB, CXA Sugarplum, or any other CXA profile keycap set you want to add some color to!",http://cdn.shopify.com/s/files/1/0238/7342/1376/products/DSC8935_1200x1200.jpg?v=1668001561,True,$12.99
15,CannonKeys,https://cannonkeys.com/products/gmk-red-dragon-rama-caps,GMK Red Dragon Rama Caps,"GMK Red Dragon Rama Caps These are extra Rama caps from the GMK Red Dragon group buy. All sales of this keyset are final. Red Dragon Deskmats extras can be found here. This is a listing for in stock GMK Red Dragon Rama caps. These cannot be purchased with any pre-orders or group buys, but they can be purchased with oth",http://cdn.shopify.com/s/files/1/0238/7342/1376/products/RW-GMK-RDRA-R.6_6ffb8ce8-6ac2-407e-8cc3-c6211161824e_1200x1200.png?v=1644958730,True,$68.99
16,CannonKeys,https://cannonkeys.com/products/cannoncaps-moon,CannonCaps Moon,CannonCaps Moon keycaps feature dark cool grey mods and yellow accents! Includes novelties and 4-Key-40's support! This keyset is stock and ready to ship.,http://cdn.shopify.com/s/files/1/0238/7342/1376/products/CK042922-179-Edit_0204b734-e7fb-4fb7-817c-27c1cc416d78_1200x1200.jpg?v=1658703202,True,$69.99
17,CannonKeys,https://cannonkeys.com/products/dsa-nineteen-thirty-keycaps,DSA Nineteen Thirty Keycaps,DSA Nineteen Thirty These are extras from the DSA Nineteen Thirty group buy. All sales of this keyset are final. DSA 1930 Deskmats extras can be found here. Inspired by Rubberhose animations and the birth of sound cartoons - we bring you DSA Nineteen Thirty. All sales of this keyset are final. This DSA set takes inspir,http://cdn.shopify.com/s/files/1/0238/7342/1376/products/AwgSYf4_3a5c8500-f983-4f3d-bc9b-a768eec6272a_1200x1200.png?v=1660173566,True,$161.99
18,CannonKeys,https://cannonkeys.com/products/dcs-9009-keycaps,DCS 9009 Keycaps,"A vintage look that never goes out of style DCS 9009 from paulgali strives to do just that. Making the most out of DCS's stock colors, this classic colorway comes to life with crisp doubleshot legends. The base kit is also being offered for ALPS switches, allowing for some fresh colors on vintage switches. The thinner ",http://cdn.shopify.com/s/files/1/0238/7342/1376/products/dcs9009_mx_2_1200x1200.jpg?v=1665628985,True,$140.00
19,CannonKeys,https://cannonkeys.com/products/nicepbt-grey-burgundy,NicePBT Grey Burgundy,"NicePBT Grey Burgundy keycaps feature grey alphas, reverse dyesub burgundy mods, and white accents! This keyset is in stock and ready to ship.",http://cdn.shopify.com/s/files/1/0238/7342/1376/products/CK042922-203-Edit_1200x1200.jpg?v=1652118334,True,$74.99
20,CannonKeys,https://cannonkeys.com/products/cannoncaps-cxa-sugarplum,CannonCaps CXA Sugarplum,"CXA Sugarplum keycaps features lilac on black mods, black on lilac accents, and black on light blue alphas. This keyset is in stock and ready to ship!",http://cdn.shopify.com/s/files/1/0238/7342/1376/products/DSC09965_1200x1200.jpg?v=1666383402,True,$84.99
21,CannonKeys,https://cannonkeys.com/products/nicepbt-transformers,NicePBT Transformers™,"NicePBT Transformers™ is available in two colorways - Autobots and Decepticons. These Cherry Profile, Dye-sublimated PBT keycaps include themed novelties and Cybertronian sublegends.",http://cdn.shopify.com/s/files/1/0238/7342/1376/products/autobots2_1200x1200.png?v=1670352557,True,$99.00
23,CannonKeys,https://cannonkeys.com/products/ws-kraken,WS Kraken Doubleshot PBT Keycaps,"WS Kraken Doubleshot PBT Keycaps - Designed by Mangas, WS Kraken is a new keycap set utilizing doubleshot PBT. Crisp legends and vibrant colors finally coming together with the durability PBT to create the best of both worlds! The Base Kit is extremely robust, offering split spacebars, ISO support, and 3-key 40s. Also being sold are a sea themed Novelty Kit, and an extensive 40s Kit.",http://cdn.shopify.com/s/files/1/0238/7342/1376/products/7_6938eaf7-5cd5-4d7d-9792-b3becbfb957f_1200x1200.jpg?v=1666384150,True,$85.00
24,CannonKeys,https://cannonkeys.com/products/kat-atlantis-keycaps,KAT Atlantis,These are extras from the Kat Atlantis keycaps group buy. All sales of this keyset are final. In stock and ready to ship!,http://cdn.shopify.com/s/files/1/0238/7342/1376/products/kat-atlantis_main_1200x1200.jpg?v=1663780127,True,$50.00
25,CannonKeys,https://cannonkeys.com/products/ws-kraken,WS Kraken Doubleshot PBT Keycaps,"WS Kraken Doubleshot PBT Keycaps - Designed by Mangas, WS Kraken is a new keycap set utilizing doubleshot PBT. Crisp legends and vibrant colors finally coming together with the durability PBT to create the best of both worlds! The Base Kit is extremely robust, offering split spacebars, ISO support, and 3-key 40s. Also being sold are a sea themed Novelty Kit, and an extensive 40s Kit.",http://cdn.shopify.com/s/files/1/0238/7342/1376/products/7_6938eaf7-5cd5-4d7d-9792-b3becbfb957f_1200x1200.jpg?v=1666384150,True,$85.00
27,CannonKeys,https://cannonkeys.com/products/nicepbt-grey-on-black,NicePBT Black on Grey,"NicePBT Black on Grey keycaps are very simple, for those who like a darker aesthetic! Includes 3-key-40's support! This keyset is in stock and ready to ship.",http://cdn.shopify.com/s/files/1/0238/7342/1376/products/CK052722-376_1200x1200.jpg?v=1658703088,True,$65.99
28,CannonKeys,https://cannonkeys.com/products/nicepbt-enchanted-forest,NicePBT Enchanted Forest,"NicePBT Enchanted Forest keycaps feature green mods, and enchanting purple and blue accents! This keyset is in stock and ready to ship.",http://cdn.shopify.com/s/files/1/0238/7342/1376/products/CK040222-202-Edit_1200x1200.jpg?v=1649876530,True,$74.99
29,CannonKeys,https://cannonkeys.com/products/gmk-shanshui-keycaps,GMK Shanshui,"GMK Shanshui These are extras from the GMK Shanshui group buy. All sales of this keyset are final. Shanshui Deskmats extras can be found here. Bringing Chinese characters to GMK keycaps. From designers grundlemere and NathanAlphaMan comes GMK Shanshui! Featuring the classic White on Black colorway, GMK's WS1 on CR - th",http://cdn.shopify.com/s/files/1/0238/7342/1376/products/J-02_Top_abc22bfd-09dd-4f47-868a-abacf3a09422_1200x1200.png?v=1624322905,True,$179.99
30,CannonKeys,https://cannonkeys.com/products/cannoncaps-winter-tundra,CannonCaps Winter Tundra,CannonCaps Winter Tundra keycaps feature white alphas with dark legends and cool blue mods for a winter theme! This keyset is in stock and ready to ship.,http://cdn.shopify.com/s/files/1/0238/7342/1376/products/CK040222-229-Edit_1200x1200.jpg?v=1649877386,True,$69.99
31,CannonKeys,https://cannonkeys.com/products/nicepbt-peaches-n-cream-lite,NicePBT Peaches n Cream Lite,NicePBT Peaches n Cream keycaps feature cream colored alphas and peach mods accented by bold orange! This keyset is in stock and ready to ship.,http://cdn.shopify.com/s/files/1/0238/7342/1376/products/CK012722-218-Edit_4_1200x1200.jpg?v=1647977255,True,$84.99
32,CannonKeys,https://cannonkeys.com/products/cannoncaps-city-sunset,CannonCaps City Sunset,CannonCaps City Sunset keycaps feature purple mods and vivid orange accents for a retro theme! This keyset is in stock and ready to ship.,http://cdn.shopify.com/s/files/1/0238/7342/1376/products/CK040222-220-Edit_1200x1200.jpg?v=1649877015,True,$74.99
33,CannonKeys,https://cannonkeys.com/products/nicepbt-bow-bakeneko-kit,NicePBT BoW Bakeneko Kit,NicePBT BoW Bakeneko keycaps are a fantastic way to complete your Bakeneko build! Available with and without accents. This keyset is in stock and ready to ship.,http://cdn.shopify.com/s/files/1/0238/7342/1376/products/NicePBTBoWNoAccents_1200x1200.png?v=1663109014,True,$35.00
34,CannonKeys,https://cannonkeys.com/products/nicepbt-morse-code,NicePBT Morse Code,NicePBT Morse Code Keycaps transport you back in time with vintage aesthetics and Morse Code legends! This keyset is in stock and ready to ship!,http://cdn.shopify.com/s/files/1/0238/7342/1376/products/DSC8810-Edit_a2ff4f97-eeb8-4065-8c28-614ee900e496_1200x1200.png?v=1665153088,True,$74.99
36,CannonKeys,https://cannonkeys.com/products/nicepbt-pelo,NicePBT Pelô,"NicePBT Pelô keycaps draw inspiration from the Pelourinho (Pelô) area in Salvador, Bahia, Brazil. This keyset is in stock and ready to ship.",http://cdn.shopify.com/s/files/1/0238/7342/1376/products/CK041322-417-Edit_1200x1200.jpg?v=1651154431,True,$79.99
37,CannonKeys,https://cannonkeys.com/products/nicepbt-korean-sublegend-classic-beige,NicePBT Korean Sublegend Classic Beige,"NicePBT Korean Sublegend Classic Beige keycaps are available in three colors: Red, Green, and Black. This keyset is in stock and ready to ship.",http://cdn.shopify.com/s/files/1/0238/7342/1376/products/DSC06945_1200x1200.jpg?v=1660107427,True,$64.99
38,CannonKeys,https://cannonkeys.com/products/gb-gmk-birch,GMK Birch,"GMK Birch by designer Break features creamy alphas and woody modifiers legended with blue-green for a warm, clean interpretation of OG Cherry sets.",http://cdn.shopify.com/s/files/1/0238/7342/1376/products/birch-02b_1200x1200.png?v=1612235126,True,$179.99
39,CannonKeys,https://cannonkeys.com/products/nicepbt-a,NicePBT a,"Designer Agilr brings his popular shark theme to NicePBT a! This set features blue on white alphas, white on blue mods, and white on red accents.",http://cdn.shopify.com/s/files/1/0238/7342/1376/products/NicePBTaonAndromeda_1200x1200.png?v=1671749676,True,$84.99
43,CannonKeys,https://cannonkeys.com/products/pre-order-gmk-fuji,GMK Fuji,"Inspired by the colors and landscape surrounding the legendary mountain. GMK Fuji is the latest creation by Tom, designer of GMK Deep Navy. The subtle color palette features dark blue legends on white alphas, blue-grey mods, and Sakura inspired pink accents.Whether you choose the crisp Latin base, or the added utility ",http://cdn.shopify.com/s/files/1/0238/7342/1376/products/GMK_Fuji_S75_002_dist_9ac00321-5642-4162-9705-e2f32cbb0740_1200x1200.jpg?v=1633122867,True,$174.99
44,CannonKeys,https://cannonkeys.com/products/nicepbt-greyscale,NicePBT Greyscale,NicePBT Greyscale keycaps feature a classic combination of black on white alphas with black on grey mods! This keyset is in stock and ready to ship.,http://cdn.shopify.com/s/files/1/0238/7342/1376/products/CK040222-247-Edit_1200x1200.jpg?v=1649877763,True,$64.99
45,CannonKeys,https://cannonkeys.com/products/nicepbt-type-6,NicePBT Type 6,NicePBT Type6 keycaps feature light alphas and light grey modifiers that look great on most keyboard colors. This keyset is in stock and ready to ship.,http://cdn.shopify.com/s/files/1/0238/7342/1376/products/CK020222-393-Edit_1_1_1200x1200.jpg?v=1646236238,True,$79.99
47,CannonKeys,https://cannonkeys.com/products/nicepbt-bow,NicePBT BoW,NicePBT BoW keycaps feature a classic color combination that needs no introduction! This keyset is in stock and ready to ship.,http://cdn.shopify.com/s/files/1/0238/7342/1376/products/CK040222-209-Edit_1200x1200.jpg?v=1649877945,True,$59.99
48,CannonKeys,https://cannonkeys.com/products/cannoncaps-407,CannonCaps 407,CannonCaps 407 keycaps feature cool gray alphas and red sublegends for a retro aesthetic. This keyset is in stock and ready to ship.,http://cdn.shopify.com/s/files/1/0238/7342/1376/products/CK012722-220-Edit_1_fc3e8fa6-d125-4c38-a097-a8fea0481e82_1200x1200.jpg?v=1648750142,True,$79.99
49,CannonKeys,https://cannonkeys.com/products/nicepbt-fbasic,NicePBT Fbasic,"NicePBT Fbasic keycaps feature beige alphas, muted red accents, and Katakana sublegends! This keyset is in stock and ready to ship.",http://cdn.shopify.com/s/files/1/0238/7342/1376/products/CK012722-102-Edit_1200x1200.jpg?v=1647566262,True,$79.99
50,CannonKeys,https://cannonkeys.com/products/cannoncaps-hydrangea,CannonCaps Hydrangea,CannonCaps Hydrangea keycaps feature purply-pink cottoncandy-esque colors and lovely pale accents! This keyset is in stock and ready to ship.,http://cdn.shopify.com/s/files/1/0238/7342/1376/products/20220419-CK041322-420-Edit_1200x1200.jpg?v=1651526995,True,$69.99
51,CannonKeys,https://cannonkeys.com/products/gb-kat-explosion,KAT Explosion,"Kat Explosion These are extras from the Kat Explosion group buy. All sales of this keyset are final. Explosion Deskmats extras can be found here. Renders (left) and doubleshot production models (right) shown side by side. Scroll through for comparison. Inspired by an Explosive Magician, Rensuya brings us KAT Explosion!",http://cdn.shopify.com/s/files/1/0238/7342/1376/products/DSC_7312-Edit_1200x1200.png?v=1665081864,True,$60.00
52,CannonKeys,https://cannonkeys.com/products/nicepbt-accent-kits,NicePBT Accent Kits,NicePBT Accent Kits are a great addition to any keycap set you want to add some color to! Includes 6.25u and 7u spacebars! In stock and ready to ship.,http://cdn.shopify.com/s/files/1/0238/7342/1376/products/001_0cce26aa-cf80-4215-96d4-d66858576b94_1200x1200.jpg?v=1658703587,True,$11.99
53,CannonKeys,https://cannonkeys.com/products/nicepbt-retro-mizu,NicePBT Retro Mizu,NicePBT Retro Mizu keycaps feature a slightly muted shade of blue and 8-bit gaming inspired novelties and legends! This keyset is in stock and ready to ship.,http://cdn.shopify.com/s/files/1/0238/7342/1376/products/CK012722-50-Edit_1200x1200.jpg?v=1646681857,True,$84.99
54,CannonKeys,https://cannonkeys.com/products/nicepbt-british-racing-green,NicePBT British Racing Green (BRG),NicePBT British Racing Green keycaps feature the classic green and gold seen throughout British racing history! This keyset is in stock and ready to ship.,http://cdn.shopify.com/s/files/1/0238/7342/1376/products/CK040222-212-Edit_1200x1200.jpg?v=1649876897,True,$84.99
55,CannonKeys,https://cannonkeys.com/products/cannoncaps-9009-dark,CannonCaps 9009 Dark,CannonCaps 9009 Dark is a keyset that features a darker take on the classic 9009 colorway! These keycaps are in stock and ready to ship.,http://cdn.shopify.com/s/files/1/0238/7342/1376/products/CK063022-147_1200x1200.jpg?v=1658436644,True,$74.99
57,CannonKeys,https://cannonkeys.com/products/cannoncaps-minty,CannonCaps Minty,"CannonCaps Mint keycaps feature white alphas, green and orange pastel mods, and purple accents! This keyset is in stock and ready to ship.",http://cdn.shopify.com/s/files/1/0238/7342/1376/products/CK031722-85-Edit_1200x1200.jpg?v=1648770261,True,$69.99
58,CannonKeys,https://cannonkeys.com/products/ws-bow-keycaps,WS BoW Keycaps,WS BoW Doubleshot PBT Keycaps - Classic and versatile colorway with crisp doubleshot legends.,http://cdn.shopify.com/s/files/1/0238/7342/1376/products/6_888bb657-4b6d-4949-9600-df5c2e4cc323_1200x1200.jpg?v=1674247207,True,$79.00
59,CannonKeys,https://cannonkeys.com/products/nicepbt-elderberry,NicePBT Elderberry,"NicePBT Elderberry keycaps feature our revised text + icon legends, pink alphas with purple legends, and reverse dye-sublimated white on purple mods! This keyset is in stock and ready to ship.",http://cdn.shopify.com/s/files/1/0238/7342/1376/products/npbt-elderberry_chimera65_5_1200x1200.jpg?v=1674163414,True,$74.99
61,CannonKeys,https://cannonkeys.com/products/magnus175-by-smith-and-rune-coming-soon,Magnus175 by Smith and Rune,"Magnus175 - Designed by Smith + Rune - A top-mount dampened leaf spring mounted 75% from the designers behind the Iron Series! Group Buy on Feb 25th, 10AM ET - 12PM ET.",http://cdn.shopify.com/s/files/1/0238/7342/1376/products/11-HR_1200x1200.jpg?v=1661208132,True,
62,CannonKeys,https://cannonkeys.com/products/nicepbt-japanese-sublegend-classic-beige,NicePBT Japanese Sublegend Classic Beige,"NicePBT Japanese Sublegend Classic Beige keycaps are available in three colors: Red, Green, and Black. This keyset is in stock and ready to ship.",http://cdn.shopify.com/s/files/1/0238/7342/1376/products/DSC06919_1200x1200.jpg?v=1660107423,True,$64.99
63,CannonKeys,https://cannonkeys.com/products/cannoncaps-earl-grey-lavender,CannonCaps Earl Grey Lavender,"CannonCaps Earl Grey Lavender keycaps feature calming grey tones, lavender accents, and tea themed novelties! This keyset is in stock and ready to ship.",http://cdn.shopify.com/s/files/1/0238/7342/1376/products/CK061622-161-Edit_1200x1200.jpg?v=1655752767,True,$69.99
64,CannonKeys,https://cannonkeys.com/products/nicepbt-galaxy,NicePBT Galaxy,"CannonKeys is happy to bring you NicePBT Galaxy! All of the images shown are of the actual product in hand - no renders! Designed in house, this set consists of Cherry Profile, Dye-sublimated PBT and Reverse Dye-Sublimated keycaps. Take your keyboard on an interstellar adventure with NicePBT Galaxy! This set features a",http://cdn.shopify.com/s/files/1/0238/7342/1376/products/DSC_7789_1200x1200.png?v=1670365009,True,$74.99
65,CannonKeys,https://cannonkeys.com/products/nicepbt-soyamilk,NicePBT Soyamilk,"NicePBT Soyamilk keycaps feature cool blue on white alphas, beige mods, accents, and Cangjie sublegends for a vintage aesthetic. In stock and ready to ship!",http://cdn.shopify.com/s/files/1/0238/7342/1376/products/DSC_7471_e63e9eb2-2346-43ac-8ffa-b4343456ac69_1200x1200.png?v=1668592257,True,$79.99
66,CannonKeys,https://cannonkeys.com/products/nicepbt-vasilisa,NicePBT Vasilisa,"NicePBT Vasilisa takes inspiration from the classic fairy tale as well as other Slavic folklore, and features a beautiful mix of light blue, red, yellow, and deep bluish-green. The Cyrillic sublegends and included novelties help bring this set to life!",http://cdn.shopify.com/s/files/1/0238/7342/1376/products/DSC_7562_1200x1200.png?v=1666911980,True,$84.99
